,importance,promoter,enhancer_high_conf,enhancer_low_conf,gene_body
chr15:26670042-26670606,0.09646794370641569,.,.,.,GABRB3
chr6:18122019-18122763,0.0756697493335587,.,NHLRC1,.,NHLRC1
chr6:165334274-165334481,0.0675642253763331,.,.,.,PDE10A
chr19:2643289-2643635,0.05775296841156252,.,.,.,GNG7
chr7:158425159-158428017,0.04825686863547038,.,.,.,PTPRN2
chrY:11332328-11333652,0.0421567368323744,.,.,.,-
chr22:19656513-19656717,0.03967982209597453,.,.,.,-
chr5:178302222-178302465,0.03593199912615139,.,.,.,COL23A1
chr9:109534158-109534467,0.029667163349175286,.,.,.,-
chr10:2315054-2315277,0.02853780540808588,.,.,.,"ENSG00000294151,LINC00701"
chr11:1291616-1291899,0.02851465611625137,.,.,.,TOLLIP
chr16:90052407-90053113,0.02773473595382,.,.,.,-
chr20:63043723-63044465,0.02728902726916213,.,.,.,"LINC01056,LINC01749"
chr12:4243756-4244063,0.024364895710487892,.,.,.,ENSG00000298091
chr1:2280581-2282442,0.023772872467806693,.,.,.,SKI
chr4:722492-723188,0.022931560749017695,.,.,PCGF3,"PCGF3,PCGF3-AS2"
chr8:138877638-138878204,0.022733995570824197,.,.,.,COL22A1
chr8:1437039-1437274,0.02037439130944279,.,.,.,DLGAP2
chr11:68386341-68386705,0.019383973001768737,.,.,.,LRP5
chr7:157794019-157794420,0.019330370693183326,.,.,.,PTPRN2
chr1:235993573-235993971,0.019074329620058474,.,.,.,NID1
chr15:28457434-28457704,0.01828780111560281,.,.,.,ENSG00000307371
chr21:9705051-9706116,0.01642806350215094,.,.,.,-
chr4:186371271-186372424,0.014990898838462711,.,.,.,F11-AS1
chr1:166988983-166989446,0.01261739108564304,MAEL,.,.,MAEL
chr17:40316706-40316949,0.012248327027302351,.,RARA,"WIPF2,MSL1",RARA
chr1:245673021-245673445,0.012091956595145456,.,.,.,KIF26B
chr10:64170856-64171129,0.012069071166709562,.,.,.,ENSG00000228566
chr3:32819649-32819937,0.011336178733322967,.,.,.,TRIM71
chr22:37024184-37024859,0.010647100026945324,MPST,"MPST,TST","KCTD17,ENSG00000229971",MPST
chr16:285829-286034,0.01045894889258228,.,.,.,PDIA2
chr16:48496624-48496898,0.010355604010642554,.,.,.,-
chr3:184561406-184562933,0.009001038843731846,EPHB3,.,MAGEF1,EPHB3
chr2:3448575-3448811,0.008576023255083384,.,.,TRAPPC12,TRAPPC12
chr6:31660561-31660881,0.008415522523850876,BAG6,BAG6,"GPANK1,LY6G5B","C6orf47-AS1,C6orf47"
chr12:34166664-34167049,0.0075817598022673805,.,.,.,-
chr6:163834418-163834648,0.007351028530407369,.,.,.,ENSG00000298077
chr22:46214227-46214892,0.006389030658580931,.,.,.,PPARA
chr2:8027892-8028156,0.005443169599439423,.,.,.,LINC00299
chr16:304243-304446,0.0038017271080575295,.,.,.,AXIN1
chr4:188106455-188106879,0.00358297314901479,.,TRIML2,.,TRIML2
chr4:8586988-8587224,0.003372249274126875,.,.,.,GPR78
chr13:113804562-113805007,0.003099332255437515,.,.,.,TMEM255B
chrX:49589410-49590023,0.0027351828111631506,.,.,.,GAGE2A
chr19:2540908-2541140,0.0027240687693191623,.,.,GNG7,GNG7
chr10:124615225-124615644,0.002653676485595202,.,FAM53B,.,-
chr6:126643503-126643842,0.00263309218452949,.,.,.,"ENSG00000293110,ENSG00000302933,ENSG00000293084"
chr11:518682-520297,0.002182355919491846,LRRC56,LRRC56,.,ENSG00000289997
chr5:116361437-116361892,0.0017363370984680813,.,.,COMMD10,-
